n,oracle,class,distance,promise_distance_normalised,promise_valid,verification_reason,bias,output,verified,qdl,hh,prob_zero,prob_std,trace,status
5,constant_zero,Constant,16,0.5,True,Verified against Deutsch-Jozsa specification,0.0,00000,True,True,True,0.9999999999999982,0.0,"['InitialState', 'AncillaPreparation', 'H', 'Oracle', 'H', 'Measurement']",FINISHED
5,constant_one,Constant,16,0.5,True,Verified against Deutsch-Jozsa specification,1.0,00000,True,True,True,0.9999999999999982,0.0,"['InitialState', 'AncillaPreparation', 'H', 'Oracle', 'H', 'Measurement']",FINISHED
5,first_bit,Balanced,0,0.0,True,Verified against Deutsch-Jozsa specification,0.5,10000,True,True,True,1.8142106940266828e-34,0.0,"['InitialState', 'AncillaPreparation', 'H', 'Oracle', 'H', 'Measurement']",FINISHED
5,xor_two_bits,Balanced,0,0.0,True,Verified against Deutsch-Jozsa specification,0.5,11000,True,True,True,1.1913527410433241e-67,0.0,"['InitialState', 'AncillaPreparation', 'H', 'Oracle', 'H', 'Measurement']",FINISHED
5,alternating,Balanced,0,0.0,True,Verified against Deutsch-Jozsa specification,0.5,00001,True,True,True,1.5563467254518633e-35,0.0,"['InitialState', 'AncillaPreparation', 'H', 'Oracle', 'H', 'Measurement']",FINISHED
5,full_parity,Balanced,0,0.0,True,Verified against Deutsch-Jozsa specification,0.5,11111,True,True,True,2.7558374720802387e-167,0.0,"['InitialState', 'AncillaPreparation', 'H', 'Oracle', 'H', 'Measurement']",FINISHED
5,affine,Balanced,0,0.0,True,Verified against Deutsch-Jozsa specification,0.5,10101,True,True,True,1.240800271153179e-102,0.0,"['InitialState', 'AncillaPreparation', 'H', 'Oracle', 'H', 'Measurement']",FINISHED
5,and_xor,Balanced,0,0.0,True,Verified against Deutsch-Jozsa specification,0.5,00111,True,True,True,8.632586236046793e-102,0.0,"['InitialState', 'AncillaPreparation', 'H', 'Oracle', 'H', 'Measurement']",FINISHED
5,majority,Balanced,0,0.0,True,Verified against Deutsch-Jozsa specification,0.5,00001,True,True,True,9.071053470133365e-35,0.0,"['InitialState', 'AncillaPreparation', 'H', 'Oracle', 'H', 'Measurement']",FINISHED
5,random_balanced,Balanced,0,0.0,True,Verified against Deutsch-Jozsa specification,0.5,00010,True,True,True,5.025524354328176e-35,5.028088396552991e-35,"['InitialState', 'AncillaPreparation', 'H', 'Oracle', 'H', 'Measurement']",FINISHED
5,single_marked,Invalid,15,0.46875,False,No verification specification: oracle violates Deutsch-Jozsa promise,0.03125,00000,,,,0.8789062499999986,0.0,"['InitialState', 'AncillaPreparation', 'H', 'Oracle', 'H', 'Measurement']",FINISHED
