qubits,database_size,marked_states,optimal_iterations,runtime,final_probability,oracle_family
3,8,1,2,7.993799999894691e-05,0.9453124999999998,single
4,16,1,3,2.9025000003457535e-05,0.9613189697265625,single
5,32,1,4,2.704799999264651e-05,0.9991823155432936,single
6,64,1,6,3.5201000059714715e-05,0.9965856807867991,single
7,128,1,8,4.8561999960838875e-05,0.9956198656943223,single
8,256,1,12,6.443200004468963e-05,0.9999470421032738,single
3,8,2,1,4.882799998995324e-05,0.9999999999999998,multiple
4,16,2,2,2.6138999942304508e-05,0.9453125,multiple
5,32,2,3,2.5446999984524155e-05,0.9613189697265623,multiple
6,64,2,4,3.9409999999406864e-05,0.999182315543294,multiple
7,128,2,6,6.072600001516548e-05,0.9965856807867993,multiple
8,256,2,8,7.659800007786544e-05,0.9956198656943223,multiple
3,8,3,1,2.156300001843192e-05,0.8437499999999998,random
4,16,3,1,1.6404999996666447e-05,0.94921875,random
5,32,3,2,2.9211999958533852e-05,0.9997787475585938,random
6,64,3,3,2.407299996320944e-05,0.9981388254091144,random
7,128,3,5,3.663400002551498e-05,0.9856983397679335,random
8,256,3,7,4.602199999226286e-05,0.9968460471843463,random
3,8,4,1,1.68489999623489e-05,0.4999999999999999,predicate
4,16,8,1,1.716600002055202e-05,0.5,predicate
5,32,16,1,3.240399996684573e-05,0.49999999999999994,predicate
6,64,32,1,5.3770000022268505e-05,0.5,predicate
7,128,64,1,7.55700000354409e-05,0.49999999999999994,predicate
8,256,128,1,9.406000003764348e-05,0.5,predicate
