n,oracle,class,distance,bias,output,verified,qdl,hh,prob_zero,prob_std,trace,status
5,constant_zero,Constant,16,0.0,00000,True,True,True,0.9999999999999982,0.0,"['InitialState', 'AncillaPreparation', 'H', 'Oracle', 'H', 'Measurement']",FINISHED
5,constant_one,Constant,16,1.0,00000,True,True,True,0.9999999999999982,0.0,"['InitialState', 'AncillaPreparation', 'H', 'Oracle', 'H', 'Measurement']",FINISHED
5,first_bit,Linear,0,0.5,10000,True,True,True,1.8142106940266828e-34,0.0,"['InitialState', 'AncillaPreparation', 'H', 'Oracle', 'H', 'Measurement']",FINISHED
5,xor_two_bits,Linear,0,0.5,11000,True,True,True,1.1913527410433241e-67,0.0,"['InitialState', 'AncillaPreparation', 'H', 'Oracle', 'H', 'Measurement']",FINISHED
5,alternating,Linear,0,0.5,00001,True,True,True,1.5563467254518633e-35,0.0,"['InitialState', 'AncillaPreparation', 'H', 'Oracle', 'H', 'Measurement']",FINISHED
5,full_parity,Linear,0,0.5,11111,True,True,True,2.7558374720802387e-167,0.0,"['InitialState', 'AncillaPreparation', 'H', 'Oracle', 'H', 'Measurement']",FINISHED
5,affine,Affine,0,0.5,10101,True,True,True,1.240800271153179e-102,0.0,"['InitialState', 'AncillaPreparation', 'H', 'Oracle', 'H', 'Measurement']",FINISHED
5,and_xor,Nonlinear,0,0.5,00111,True,True,True,8.632586236046793e-102,0.0,"['InitialState', 'AncillaPreparation', 'H', 'Oracle', 'H', 'Measurement']",FINISHED
5,majority,Balanced,0,0.5,00001,,,False,9.071053470133365e-35,0.0,"['InitialState', 'AncillaPreparation', 'H', 'Oracle', 'H', 'Measurement']",FINISHED
5,random_balanced,Random,0,0.5,11000,True,True,True,2.656339190803331e-35,4.169590305737896e-35,"['InitialState', 'AncillaPreparation', 'H', 'Oracle', 'H', 'Measurement']",FINISHED
5,single_marked,Invalid,15,0.03125,00000,,,False,0.8789062499999986,0.0,"['InitialState', 'AncillaPreparation', 'H', 'Oracle', 'H', 'Measurement']",FINISHED
