experiment,iteration,probability,optimal_iteration
Single Marked,0,0.031249999999999993,4
Single Marked,1,0.2583007812499999,4
Single Marked,2,0.602424621582031,4
Single Marked,3,0.8969365358352658,4
Single Marked,4,0.9991823155432936,4
Single Marked,5,0.8596366611600386,4
Single Marked,6,0.5458919990273896,4
Multiple Marked,0,0.062499999999999986,3
Multiple Marked,1,0.4726562499999999,3
Multiple Marked,2,0.9084472656249997,3
Multiple Marked,3,0.9613189697265621,3
Multiple Marked,4,0.5817041397094722,3
Multiple Marked,5,0.1254916787147521,3
Random Marked,0,0.09374999999999997,2
Random Marked,1,0.6459960937499999,2
Random Marked,2,0.9997787475585938,2
Random Marked,3,0.6741746664047241,2
Random Marked,4,0.11180189810693267,2
Predicate,0,0.49999999999999994,1
Predicate,1,0.49999999999999994,1
Predicate,2,0.49999999999999994,1
Predicate,3,0.49999999999999994,1
