oracle_family,qubits,runtime,success_probability
single,3,5.5845000019871804e-05,0.9453124999999998
single,4,2.738800003498909e-05,0.9613189697265625
single,5,2.6083999955517356e-05,0.9991823155432936
single,6,3.272499998274725e-05,0.9965856807867991
single,7,4.1586000065763074e-05,0.9956198656943223
single,8,6.378999989919976e-05,0.9999470421032738
multiple,3,3.646300001491909e-05,0.9999999999999998
multiple,4,2.191900000525493e-05,0.9453125
multiple,5,2.315099993666081e-05,0.9613189697265621
multiple,6,2.5961999995161023e-05,0.999182315543294
multiple,7,3.5384000057092635e-05,0.9965856807867993
multiple,8,4.8573000071883143e-05,0.9956198656943223
random,3,3.809200006799074e-05,0.8437499999999998
random,4,2.213300001585594e-05,0.94921875
random,5,2.174500002638524e-05,0.9997787475585938
random,6,2.5982000011026685e-05,0.9981388254091144
random,7,3.566799989584979e-05,0.9856983397679335
random,8,4.5721999981651607e-05,0.9968460471843463
predicate,3,3.6625999996431347e-05,0.4999999999999999
predicate,4,2.5778999997783103e-05,0.5
predicate,5,3.074899996136082e-05,0.49999999999999994
predicate,6,4.651599999760947e-05,0.5
predicate,7,0.00012659699996220297,0.49999999999999994
predicate,8,0.00014572999998563319,0.5
