oracle,iteration,marked_probability,max_unmarked_probability
Single,0,0.031249999999999993,0.031249999999999993
Single,1,0.2583007812499999,0.023925781249999993
Single,2,0.602424621582031,0.012825012207031243
Single,3,0.8969365358352658,0.0033246278762817374
Single,4,0.9991823155432936,2.6376917958259583e-05
Single,5,0.8596366611600386,0.004527849639998748
Single,6,0.5458919990273896,0.014648645192664842
Multiple,0,0.062499999999999986,0.031249999999999993
Multiple,1,0.4726562499999999,0.01757812499999999
Multiple,2,0.9084472656249997,0.003051757812499997
Multiple,3,0.9613189697265621,0.0012893676757812504
Multiple,4,0.5817041397094722,0.013943195343017568
Multiple,5,0.1254916787147521,0.029150277376174913
Multiple,6,0.020380768924951578,0.032653974369168275
Random,0,0.09374999999999997,0.031249999999999993
Random,1,0.6459960937499999,0.012207031250000002
Random,2,0.9997787475585938,7.629394531250046e-06
Random,3,0.6741746664047241,0.011235356330871579
Random,4,0.11180189810693267,0.030627520754933364
Random,5,0.07713592457002966,0.031822899152757614
Random,6,0.6173008035707428,0.013196524014801978
Predicate,0,0.49999999999999994,0.031249999999999993
Predicate,1,0.49999999999999994,0.031249999999999993
Predicate,2,0.49999999999999994,0.031249999999999993
Predicate,3,0.49999999999999994,0.031249999999999993
Predicate,4,0.49999999999999994,0.031249999999999993
Predicate,5,0.49999999999999994,0.031249999999999993
Predicate,6,0.49999999999999994,0.031249999999999993
